id,subject,key,datetime,ip,Temperature,Pressure,Humidity,VoC,CO2,Altitude
239385,SPXEGN1TGSB2IKT9 | 1733150392,SPXEGN1TGSB2IKT9,2024-12-02 23:39:52,210.99.114.165,28.20,1015.60,22.47,335.27,15103.47,-19.55
239436,SPXEGN1TGSB2IKT9 | 1733150959,SPXEGN1TGSB2IKT9,2024-12-02 23:49:19,210.99.114.165,28.17,1015.58,22.40,338.73,15442.72,-19.30
239491,SPXEGN1TGSB2IKT9 | 1733151563,SPXEGN1TGSB2IKT9,2024-12-02 23:59:23,210.99.114.165,28.14,1015.58,22.18,344.06,15972.36,-19.55
239547,SPXEGN1TGSB2IKT9 | 1733152177,SPXEGN1TGSB2IKT9,2024-12-03 00:09:37,210.99.114.165,28.08,1015.63,22.11,346.61,16228.46,-19.80
239603,SPXEGN1TGSB2IKT9 | 1733152789,SPXEGN1TGSB2IKT9,2024-12-03 00:19:49,210.99.114.165,28.01,1015.62,22.04,348.45,16415.00,-19.88
239655,SPXEGN1TGSB2IKT9 | 1733153359,SPXEGN1TGSB2IKT9,2024-12-03 00:29:19,210.99.114.165,27.97,1015.72,21.93,352.57,16836.52,-20.63
239710,SPXEGN1TGSB2IKT9 | 1733153959,SPXEGN1TGSB2IKT9,2024-12-03 00:39:19,210.99.114.165,27.95,1015.75,21.85,356.01,17193.04,-20.88
239764,SPXEGN1TGSB2IKT9 | 1733154557,SPXEGN1TGSB2IKT9,2024-12-03 00:49:17,210.99.114.165,27.91,1015.85,21.80,358.34,17436.69,-21.54
239817,SPXEGN1TGSB2IKT9 | 1733155170,SPXEGN1TGSB2IKT9,2024-12-03 00:59:30,210.99.114.165,27.88,1015.79,21.66,359.91,17602.03,-21.38
239873,SPXEGN1TGSB2IKT9 | 1733155789,SPXEGN1TGSB2IKT9,2024-12-03 01:09:49,210.99.114.165,27.83,1015.94,21.60,362.70,17896.71,-22.46
239926,SPXEGN1TGSB2IKT9 | 1733156361,SPXEGN1TGSB2IKT9,2024-12-03 01:19:21,210.99.114.165,27.78,1016.00,21.51,365.12,18154.90,-22.87
239982,SPXEGN1TGSB2IKT9 | 1733156977,SPXEGN1TGSB2IKT9,2024-12-03 01:29:37,210.99.114.165,27.74,1016.04,21.38,368.40,18507.71,-23.29
240037,SPXEGN1TGSB2IKT9 | 1733157594,SPXEGN1TGSB2IKT9,2024-12-03 01:39:54,210.99.114.165,27.69,1016.05,21.30,371.32,18824.49,-23.29
240088,SPXEGN1TGSB2IKT9 | 1733158165,SPXEGN1TGSB2IKT9,2024-12-03 01:49:25,210.99.114.165,27.64,1016.14,21.21,373.86,19102.36,-24.20
240144,SPXEGN1TGSB2IKT9 | 1733158781,SPXEGN1TGSB2IKT9,2024-12-03 01:59:41,210.99.114.165,27.59,1016.32,21.14,376.86,19433.90,-25.61
240195,SPXEGN1TGSB2IKT9 | 1733159360,SPXEGN1TGSB2IKT9,2024-12-03 02:09:20,210.99.114.165,27.58,1016.51,21.08,379.74,19754.71,-27.27
240252,SPXEGN1TGSB2IKT9 | 1733159975,SPXEGN1TGSB2IKT9,2024-12-03 02:19:35,210.99.114.165,27.53,1016.57,20.97,382.80,20097.24,-27.60
240307,SPXEGN1TGSB2IKT9 | 1733160590,SPXEGN1TGSB2IKT9,2024-12-03 02:29:50,210.99.114.165,27.51,1016.63,20.91,383.68,20196.68,-28.27
240359,SPXEGN1TGSB2IKT9 | 1733161161,SPXEGN1TGSB2IKT9,2024-12-03 02:39:21,210.99.114.165,27.48,1016.73,20.79,388.82,20782.47,-29.02
240413,SPXEGN1TGSB2IKT9 | 1733161778,SPXEGN1TGSB2IKT9,2024-12-03 02:49:38,210.99.114.165,27.44,1016.83,20.74,389.96,20912.93,-29.85
240469,SPXEGN1TGSB2IKT9 | 1733162393,SPXEGN1TGSB2IKT9,2024-12-03 02:59:53,210.99.114.165,27.39,1016.92,20.63,394.11,21392.95,-30.68
240517,SPXEGN1TGSB2IKT9 | 1733162981,SPXEGN1TGSB2IKT9,2024-12-03 03:09:41,210.99.114.165,27.37,1017.03,20.57,388.82,20782.47,-31.51
240566,SPXEGN1TGSB2IKT9 | 1733163558,SPXEGN1TGSB2IKT9,2024-12-03 03:19:18,210.99.114.165,27.36,1017.08,20.44,388.37,20730.56,-31.84
240613,SPXEGN1TGSB2IKT9 | 1733164167,SPXEGN1TGSB2IKT9,2024-12-03 03:29:27,210.99.114.165,27.33,1017.20,20.35,392.02,21151.03,-32.92
240659,SPXEGN1TGSB2IKT9 | 1733164767,SPXEGN1TGSB2IKT9,2024-12-03 03:39:27,210.99.114.165,27.34,1017.21,20.22,388.82,20782.47,-32.92
240707,SPXEGN1TGSB2IKT9 | 1733165399,SPXEGN1TGSB2IKT9,2024-12-03 03:49:59,210.99.114.165,27.30,1017.17,20.14,387.24,20601.59,-32.50
240759,SPXEGN1TGSB2IKT9 | 1733165993,SPXEGN1TGSB2IKT9,2024-12-03 03:59:53,210.99.114.165,27.26,1017.13,20.00,397.40,21777.29,-32.25
240811,SPXEGN1TGSB2IKT9 | 1733166596,SPXEGN1TGSB2IKT9,2024-12-03 04:09:56,210.99.114.165,27.22,1017.04,19.91,400.74,22171.73,-31.42
240854,SPXEGN1TGSB2IKT9 | 1733167173,SPXEGN1TGSB2IKT9,2024-12-03 04:19:33,210.99.114.165,27.18,1017.08,19.88,396.45,21666.47,-31.84
240895,SPXEGN1TGSB2IKT9 | 1733167747,SPXEGN1TGSB2IKT9,2024-12-03 04:29:07,210.99.114.165,27.19,1017.16,19.77,390.42,20965.54,-32.59
240946,SPXEGN1TGSB2IKT9 | 1733168396,SPXEGN1TGSB2IKT9,2024-12-03 04:39:56,210.99.114.165,27.16,1017.01,19.64,397.16,21749.47,-31.17
240993,SPXEGN1TGSB2IKT9 | 1733168995,SPXEGN1TGSB2IKT9,2024-12-03 04:49:55,210.99.114.165,27.11,1016.93,19.60,401.22,22228.89,-30.51
241040,SPXEGN1TGSB2IKT9 | 1733169582,SPXEGN1TGSB2IKT9,2024-12-03 04:59:42,210.99.114.165,27.10,1016.95,19.53,405.62,22753.22,-30.93
241090,SPXEGN1TGSB2IKT9 | 1733170164,SPXEGN1TGSB2IKT9,2024-12-03 05:09:24,210.99.114.165,27.06,1016.97,19.49,407.85,23022.13,-30.93
241144,SPXEGN1TGSB2IKT9 | 1733170799,SPXEGN1TGSB2IKT9,2024-12-03 05:19:59,210.99.114.165,27.02,1016.99,19.45,418.34,24306.83,-31.09
241193,SPXEGN1TGSB2IKT9 | 1733171392,SPXEGN1TGSB2IKT9,2024-12-03 05:29:52,210.99.114.165,26.98,1017.11,19.32,415.99,24016.07,-32.17
241241,SPXEGN1TGSB2IKT9 | 1733171972,SPXEGN1TGSB2IKT9,2024-12-03 05:39:32,210.99.114.165,26.97,1017.19,19.25,422.05,24769.29,-32.83
241283,SPXEGN1TGSB2IKT9 | 1733172572,SPXEGN1TGSB2IKT9,2024-12-03 05:49:32,210.99.114.165,26.95,1017.18,19.18,412.39,23573.79,-32.75
241332,SPXEGN1TGSB2IKT9 | 1733173158,SPXEGN1TGSB2IKT9,2024-12-03 05:59:18,210.99.114.165,26.97,1016.98,18.91,419.39,24437.62,-31.01
241386,SPXEGN1TGSB2IKT9 | 1733173793,SPXEGN1TGSB2IKT9,2024-12-03 06:09:53,210.99.114.165,27.14,1017.03,18.58,433.29,26198.92,-31.42
241434,SPXEGN1TGSB2IKT9 | 1733174372,SPXEGN1TGSB2IKT9,2024-12-03 06:19:32,210.99.114.165,27.16,1017.01,18.66,433.57,26235.30,-31.26
241483,SPXEGN1TGSB2IKT9 | 1733174961,SPXEGN1TGSB2IKT9,2024-12-03 06:29:21,210.99.114.165,27.16,1017.19,18.64,436.41,26602.86,-32.83
241539,SPXEGN1TGSB2IKT9 | 1733175588,SPXEGN1TGSB2IKT9,2024-12-03 06:39:48,210.99.114.165,26.98,1017.38,18.68,444.55,27672.26,-34.49
241591,SPXEGN1TGSB2IKT9 | 1733176171,SPXEGN1TGSB2IKT9,2024-12-03 06:49:31,210.99.114.165,26.86,1017.44,18.93,447.84,28109.43,-34.99
241647,SPXEGN1TGSB2IKT9 | 1733176784,SPXEGN1TGSB2IKT9,2024-12-03 06:59:44,210.99.114.165,26.76,1017.61,18.99,455.80,29183.31,-36.40
241705,SPXEGN1TGSB2IKT9 | 1733177397,SPXEGN1TGSB2IKT9,2024-12-03 07:09:57,210.99.114.165,26.75,1017.65,18.84,456.11,29225.81,-36.65
241758,SPXEGN1TGSB2IKT9 | 1733177997,SPXEGN1TGSB2IKT9,2024-12-03 07:19:57,210.99.114.165,26.74,1017.80,18.85,462.11,30050.14,-37.98
241808,SPXEGN1TGSB2IKT9 | 1733178564,SPXEGN1TGSB2IKT9,2024-12-03 07:29:24,210.99.114.165,26.74,1018.02,19.03,463.08,30183.42,-39.80
241866,SPXEGN1TGSB2IKT9 | 1733179182,SPXEGN1TGSB2IKT9,2024-12-03 07:39:42,210.99.114.165,26.72,1018.18,19.03,457.05,29353.82,-41.05
241920,SPXEGN1TGSB2IKT9 | 1733179794,SPXEGN1TGSB2IKT9,2024-12-03 07:49:54,210.99.114.165,26.76,1018.18,19.07,453.63,28888.36,-41.05
241971,SPXEGN1TGSB2IKT9 | 1733180361,SPXEGN1TGSB2IKT9,2024-12-03 07:59:21,210.99.114.165,26.79,1018.28,20.36,443.96,27593.83,-41.96
242029,SPXEGN1TGSB2IKT9 | 1733180973,SPXEGN1TGSB2IKT9,2024-12-03 08:09:33,210.99.114.165,26.83,1018.53,19.77,438.42,26864.49,-44.12
242084,SPXEGN1TGSB2IKT9 | 1733181592,SPXEGN1TGSB2IKT9,2024-12-03 08:19:52,210.99.114.165,26.91,1018.84,19.72,428.55,25592.00,-46.44
242138,SPXEGN1TGSB2IKT9 | 1733182161,SPXEGN1TGSB2IKT9,2024-12-03 08:29:21,210.99.114.165,27.00,1018.91,19.60,421.51,24702.40,-47.27
242193,SPXEGN1TGSB2IKT9 | 1733182776,SPXEGN1TGSB2IKT9,2024-12-03 08:39:36,210.99.114.165,27.04,1018.96,19.64,419.65,24470.50,-47.43
242250,SPXEGN1TGSB2IKT9 | 1733183395,SPXEGN1TGSB2IKT9,2024-12-03 08:49:55,210.99.114.165,27.13,1019.21,19.60,416.51,24080.29,-49.67
242301,SPXEGN1TGSB2IKT9 | 1733183964,SPXEGN1TGSB2IKT9,2024-12-03 08:59:24,210.99.114.165,27.24,1019.21,19.53,412.13,23542.63,-49.75
242355,SPXEGN1TGSB2IKT9 | 1733184575,SPXEGN1TGSB2IKT9,2024-12-03 09:09:35,210.99.114.165,27.29,1019.28,19.49,412.64,23604.97,-50.17
242411,SPXEGN1TGSB2IKT9 | 1733185194,SPXEGN1TGSB2IKT9,2024-12-03 09:19:54,210.99.114.165,27.37,1019.36,19.43,412.64,23604.97,-50.75
242463,SPXEGN1TGSB2IKT9 | 1733185762,SPXEGN1TGSB2IKT9,2024-12-03 09:29:22,210.99.114.165,27.46,1019.34,19.30,412.90,23636.18,-50.58
242519,SPXEGN1TGSB2IKT9 | 1733186375,SPXEGN1TGSB2IKT9,2024-12-03 09:39:35,210.99.114.165,27.49,1019.29,19.20,411.88,23511.49,-50.25
242575,SPXEGN1TGSB2IKT9 | 1733186992,SPXEGN1TGSB2IKT9,2024-12-03 09:49:52,210.99.114.165,27.67,1019.51,19.10,411.37,23449.52,-52.16
242627,SPXEGN1TGSB2IKT9 | 1733187560,SPXEGN1TGSB2IKT9,2024-12-03 09:59:20,210.99.114.165,27.85,1019.54,19.14,408.35,23082.44,-52.07
242681,SPXEGN1TGSB2IKT9 | 1733188168,SPXEGN1TGSB2IKT9,2024-12-03 10:09:28,210.99.114.165,28.10,1019.50,18.98,408.10,23052.21,-51.74
242737,SPXEGN1TGSB2IKT9 | 1733188782,SPXEGN1TGSB2IKT9,2024-12-03 10:19:42,210.99.114.165,28.28,1019.60,18.80,406.85,22901.99,-52.90
242793,SPXEGN1TGSB2IKT9 | 1733189398,SPXEGN1TGSB2IKT9,2024-12-03 10:29:58,210.99.114.165,28.41,1019.94,18.40,408.35,23082.44,-55.47
242845,SPXEGN1TGSB2IKT9 | 1733189974,SPXEGN1TGSB2IKT9,2024-12-03 10:39:34,210.99.114.165,28.51,1019.97,18.41,409.85,23264.94,-55.80
242900,SPXEGN1TGSB2IKT9 | 1733190590,SPXEGN1TGSB2IKT9,2024-12-03 10:49:50,210.99.114.165,28.66,1019.94,18.37,409.60,23234.35,-55.63
242952,SPXEGN1TGSB2IKT9 | 1733191164,SPXEGN1TGSB2IKT9,2024-12-03 10:59:24,210.99.114.165,28.77,1019.97,18.22,408.35,23082.44,-55.72
243007,SPXEGN1TGSB2IKT9 | 1733191779,SPXEGN1TGSB2IKT9,2024-12-03 11:09:39,210.99.114.165,28.88,1019.89,18.17,407.85,23022.13,-55.05
243063,SPXEGN1TGSB2IKT9 | 1733192397,SPXEGN1TGSB2IKT9,2024-12-03 11:19:57,210.99.114.165,28.97,1019.77,18.06,408.35,23082.44,-54.14
243115,SPXEGN1TGSB2IKT9 | 1733192968,SPXEGN1TGSB2IKT9,2024-12-03 11:29:28,210.99.114.165,29.04,1019.63,18.03,407.85,23022.13,-52.90
243170,SPXEGN1TGSB2IKT9 | 1733193587,SPXEGN1TGSB2IKT9,2024-12-03 11:39:47,210.99.114.165,29.14,1019.63,17.97,406.36,22842.28,-52.98
243222,SPXEGN1TGSB2IKT9 | 1733194160,SPXEGN1TGSB2IKT9,2024-12-03 11:49:20,210.99.114.165,29.22,1019.64,17.80,405.12,22694.07,-52.98
243278,SPXEGN1TGSB2IKT9 | 1733194772,SPXEGN1TGSB2IKT9,2024-12-03 11:59:32,210.99.114.165,29.32,1019.50,17.63,413.15,23667.52,-52.16
243332,SPXEGN1TGSB2IKT9 | 1733195387,SPXEGN1TGSB2IKT9,2024-12-03 12:09:47,210.99.114.165,29.39,1019.45,17.48,415.99,24016.07,-51.41
243388,SPXEGN1TGSB2IKT9 | 1733195998,SPXEGN1TGSB2IKT9,2024-12-03 12:19:58,210.99.114.165,29.44,1019.42,17.37,414.18,23793.49,-51.41
243440,SPXEGN1TGSB2IKT9 | 1733196565,SPXEGN1TGSB2IKT9,2024-12-03 12:29:25,210.99.114.165,29.52,1019.40,17.26,411.12,23418.56,-51.16
243496,SPXEGN1TGSB2IKT9 | 1733197173,SPXEGN1TGSB2IKT9,2024-12-03 12:39:33,210.99.114.165,29.58,1019.35,17.17,415.21,23920.29,-50.75
243552,SPXEGN1TGSB2IKT9 | 1733197783,SPXEGN1TGSB2IKT9,2024-12-03 12:49:43,210.99.114.165,29.64,1019.40,17.06,422.31,24802.77,-51.00
243607,SPXEGN1TGSB2IKT9 | 1733198399,SPXEGN1TGSB2IKT9,2024-12-03 12:59:59,210.99.114.165,29.70,1019.26,17.03,417.29,24177.01,-49.75
243660,SPXEGN1TGSB2IKT9 | 1733198969,SPXEGN1TGSB2IKT9,2024-12-03 13:09:29,210.99.114.165,29.79,1019.14,17.00,419.13,24404.89,-48.92
243716,SPXEGN1TGSB2IKT9 | 1733199586,SPXEGN1TGSB2IKT9,2024-12-03 13:19:46,210.99.114.165,29.85,1019.04,16.46,420.18,24536.45,-48.01
243771,SPXEGN1TGSB2IKT9 | 1733200198,SPXEGN1TGSB2IKT9,2024-12-03 13:29:58,210.99.114.165,29.89,1018.84,16.13,424.19,25039.28,-46.44
243824,SPXEGN1TGSB2IKT9 | 1733200770,SPXEGN1TGSB2IKT9,2024-12-03 13:39:30,210.99.114.165,29.97,1018.61,16.28,428.55,25592.00,-44.45
243880,SPXEGN1TGSB2IKT9 | 1733201381,SPXEGN1TGSB2IKT9,2024-12-03 13:49:41,210.99.114.165,30.07,1018.28,16.35,426.09,25278.96,-41.88
243936,SPXEGN1TGSB2IKT9 | 1733201993,SPXEGN1TGSB2IKT9,2024-12-03 13:59:53,210.99.114.165,30.16,1018.19,16.23,424.19,25039.28,-41.05
243988,SPXEGN1TGSB2IKT9 | 1733202562,SPXEGN1TGSB2IKT9,2024-12-03 14:09:22,210.99.114.165,30.21,1018.32,16.20,423.65,24971.39,-42.13
244044,SPXEGN1TGSB2IKT9 | 1733203177,SPXEGN1TGSB2IKT9,2024-12-03 14:19:37,210.99.114.165,30.32,1018.46,16.18,425.01,25141.61,-43.29
244098,SPXEGN1TGSB2IKT9 | 1733203792,SPXEGN1TGSB2IKT9,2024-12-03 14:29:52,210.99.114.165,30.45,1018.54,16.16,422.31,24802.77,-43.95
244150,SPXEGN1TGSB2IKT9 | 1733204359,SPXEGN1TGSB2IKT9,2024-12-03 14:39:19,210.99.114.165,30.49,1018.41,16.15,419.39,24437.62,-42.87
244205,SPXEGN1TGSB2IKT9 | 1733204960,SPXEGN1TGSB2IKT9,2024-12-03 14:49:20,210.99.114.165,30.57,1018.43,16.05,420.98,24635.85,-43.12
244261,SPXEGN1TGSB2IKT9 | 1733205578,SPXEGN1TGSB2IKT9,2024-12-03 14:59:38,210.99.114.165,30.61,1018.48,15.99,420.18,24536.45,-43.62
244315,SPXEGN1TGSB2IKT9 | 1733206193,SPXEGN1TGSB2IKT9,2024-12-03 15:09:53,210.99.114.165,30.67,1018.31,15.96,418.34,24306.83,-42.04
244368,SPXEGN1TGSB2IKT9 | 1733206768,SPXEGN1TGSB2IKT9,2024-12-03 15:19:28,210.99.114.165,30.72,1018.14,15.95,418.34,24306.83,-40.80
244423,SPXEGN1TGSB2IKT9 | 1733207386,SPXEGN1TGSB2IKT9,2024-12-03 15:29:46,210.99.114.165,30.78,1018.00,15.90,416.51,24080.29,-39.47
244475,SPXEGN1TGSB2IKT9 | 1733207960,SPXEGN1TGSB2IKT9,2024-12-03 15:39:20,210.99.114.165,30.82,1017.89,15.89,415.99,24016.07,-38.48
244529,SPXEGN1TGSB2IKT9 | 1733208561,SPXEGN1TGSB2IKT9,2024-12-03 15:49:21,210.99.114.165,30.84,1017.84,15.80,417.82,24241.82,-38.31
244585,SPXEGN1TGSB2IKT9 | 1733209178,SPXEGN1TGSB2IKT9,2024-12-03 15:59:38,210.99.114.165,30.89,1017.96,15.73,415.99,24016.07,-39.14
244641,SPXEGN1TGSB2IKT9 | 1733209793,SPXEGN1TGSB2IKT9,2024-12-03 16:09:53,210.99.114.165,30.92,1017.97,15.66,415.73,23984.12,-39.39
244693,SPXEGN1TGSB2IKT9 | 1733210370,SPXEGN1TGSB2IKT9,2024-12-03 16:19:30,210.99.114.165,30.97,1018.01,15.50,413.92,23761.81,-39.56
244749,SPXEGN1TGSB2IKT9 | 1733210984,SPXEGN1TGSB2IKT9,2024-12-03 16:29:44,210.99.114.165,30.99,1018.08,15.40,414.44,23825.07,-40.14
244805,SPXEGN1TGSB2IKT9 | 1733211599,SPXEGN1TGSB2IKT9,2024-12-03 16:39:59,210.99.114.165,30.97,1018.01,15.25,417.03,24144.71,-39.47
244858,SPXEGN1TGSB2IKT9 | 1733212169,SPXEGN1TGSB2IKT9,2024-12-03 16:49:29,210.99.114.165,30.98,1017.94,15.20,418.86,24372.18,-39.06
244913,SPXEGN1TGSB2IKT9 | 1733212784,SPXEGN1TGSB2IKT9,2024-12-03 16:59:44,210.99.114.165,31.01,1017.93,15.16,418.60,24339.50,-38.89
244967,SPXEGN1TGSB2IKT9 | 1733213356,SPXEGN1TGSB2IKT9,2024-12-03 17:09:16,210.99.114.165,31.01,1017.92,15.15,419.13,24404.89,-38.81
245023,SPXEGN1TGSB2IKT9 | 1733213971,SPXEGN1TGSB2IKT9,2024-12-03 17:19:31,210.99.114.165,31.03,1017.91,15.28,418.34,24306.83,-38.81
245077,SPXEGN1TGSB2IKT9 | 1733214584,SPXEGN1TGSB2IKT9,2024-12-03 17:29:44,210.99.114.165,31.06,1017.94,15.25,412.39,23573.79,-39.06
245133,SPXEGN1TGSB2IKT9 | 1733215197,SPXEGN1TGSB2IKT9,2024-12-03 17:39:57,210.99.114.165,30.90,1017.99,15.13,415.73,23984.12,-39.47
245184,SPXEGN1TGSB2IKT9 | 1733215763,SPXEGN1TGSB2IKT9,2024-12-03 17:49:23,210.99.114.165,30.75,1018.19,15.07,417.29,24177.01,-41.21
245240,SPXEGN1TGSB2IKT9 | 1733216382,SPXEGN1TGSB2IKT9,2024-12-03 17:59:42,210.99.114.165,30.63,1018.27,15.05,419.65,24470.50,-41.71
245292,SPXEGN1TGSB2IKT9 | 1733216957,SPXEGN1TGSB2IKT9,2024-12-03 18:09:17,210.99.114.165,30.64,1018.31,14.90,424.46,25073.33,-42.21
245347,SPXEGN1TGSB2IKT9 | 1733217572,SPXEGN1TGSB2IKT9,2024-12-03 18:19:32,210.99.114.165,30.40,1018.25,14.89,429.11,25662.40,-41.46
245403,SPXEGN1TGSB2IKT9 | 1733218187,SPXEGN1TGSB2IKT9,2024-12-03 18:29:47,210.99.114.165,30.28,1018.23,14.81,437.27,26714.49,-41.55
245455,SPXEGN1TGSB2IKT9 | 1733218761,SPXEGN1TGSB2IKT9,2024-12-03 18:39:21,210.99.114.165,30.24,1018.37,14.76,442.20,27360.52,-42.54
245511,SPXEGN1TGSB2IKT9 | 1733219379,SPXEGN1TGSB2IKT9,2024-12-03 18:49:39,210.99.114.165,30.08,1018.32,14.62,444.55,27672.26,-42.13
245567,SPXEGN1TGSB2IKT9 | 1733219993,SPXEGN1TGSB2IKT9,2024-12-03 18:59:53,210.99.114.165,29.91,1018.25,14.57,448.74,28230.38,-41.79
245619,SPXEGN1TGSB2IKT9 | 1733220563,SPXEGN1TGSB2IKT9,2024-12-03 19:09:23,210.99.114.165,29.90,1018.34,14.36,458.93,29612.17,-42.37
245675,SPXEGN1TGSB2IKT9 | 1733221184,SPXEGN1TGSB2IKT9,2024-12-03 19:19:44,210.99.114.165,29.72,1018.28,14.26,465.02,30452.53,-41.96
245730,SPXEGN1TGSB2IKT9 | 1733221796,SPXEGN1TGSB2IKT9,2024-12-03 19:29:56,210.99.114.165,29.52,1018.42,14.30,476.31,32044.72,-42.79
245782,SPXEGN1TGSB2IKT9 | 1733222367,SPXEGN1TGSB2IKT9,2024-12-03 19:39:27,210.99.114.165,29.39,1018.42,14.34,478.02,32288.95,-43.04
245838,SPXEGN1TGSB2IKT9 | 1733222981,SPXEGN1TGSB2IKT9,2024-12-03 19:49:41,210.99.114.165,29.27,1018.58,14.51,479.74,32536.00,-44.37
245893,SPXEGN1TGSB2IKT9 | 1733223595,SPXEGN1TGSB2IKT9,2024-12-03 19:59:55,210.99.114.165,29.17,1018.55,14.62,480.08,32585.67,-44.03
245947,SPXEGN1TGSB2IKT9 | 1733224197,SPXEGN1TGSB2IKT9,2024-12-03 20:09:57,210.99.114.165,29.11,1018.36,14.68,484.97,33293.47,-42.54
245999,SPXEGN1TGSB2IKT9 | 1733224770,SPXEGN1TGSB2IKT9,2024-12-03 20:19:30,210.99.114.165,29.01,1018.21,14.72,486.03,33448.12,-41.30
246056,SPXEGN1TGSB2IKT9 | 1733225386,SPXEGN1TGSB2IKT9,2024-12-03 20:29:46,210.99.114.165,28.94,1018.26,14.75,488.88,33865.34,-41.63
246111,SPXEGN1TGSB2IKT9 | 1733225997,SPXEGN1TGSB2IKT9,2024-12-03 20:39:57,210.99.114.165,28.88,1018.13,14.75,491.40,34236.72,-40.47
246163,SPXEGN1TGSB2IKT9 | 1733226576,SPXEGN1TGSB2IKT9,2024-12-03 20:49:36,210.99.114.165,28.82,1018.12,14.80,491.76,34290.19,-40.47
246219,SPXEGN1TGSB2IKT9 | 1733227194,SPXEGN1TGSB2IKT9,2024-12-03 20:59:54,210.99.114.165,28.75,1018.10,14.82,493.95,34614.00,-40.30
246271,SPXEGN1TGSB2IKT9 | 1733227770,SPXEGN1TGSB2IKT9,2024-12-03 21:09:30,210.99.114.165,28.70,1018.08,14.81,493.22,34505.55,-40.22
246328,SPXEGN1TGSB2IKT9 | 1733228387,SPXEGN1TGSB2IKT9,2024-12-03 21:19:47,210.99.114.165,28.63,1018.06,14.82,496.15,34942.18,-40.05
246380,SPXEGN1TGSB2IKT9 | 1733228963,SPXEGN1TGSB2IKT9,2024-12-03 21:29:23,210.99.114.165,28.60,1018.13,14.82,498.01,35219.18,-40.72
246436,SPXEGN1TGSB2IKT9 | 1733229580,SPXEGN1TGSB2IKT9,2024-12-03 21:39:40,210.99.114.165,28.55,1018.05,14.84,501.00,35668.93,-39.97
246490,SPXEGN1TGSB2IKT9 | 1733230199,SPXEGN1TGSB2IKT9,2024-12-03 21:49:59,210.99.114.165,28.49,1018.12,14.85,501.38,35725.78,-40.55
246543,SPXEGN1TGSB2IKT9 | 1733230771,SPXEGN1TGSB2IKT9,2024-12-03 21:59:31,210.99.114.165,28.43,1018.07,14.86,501.00,35668.93,-40.05
246598,SPXEGN1TGSB2IKT9 | 1733231387,SPXEGN1TGSB2IKT9,2024-12-03 22:09:47,210.99.114.165,28.35,1018.13,14.91,501.76,35782.68,-40.63
246651,SPXEGN1TGSB2IKT9 | 1733231957,SPXEGN1TGSB2IKT9,2024-12-03 22:19:17,210.99.114.165,28.33,1018.11,14.92,507.10,36593.88,-40.38
246706,SPXEGN1TGSB2IKT9 | 1733232571,SPXEGN1TGSB2IKT9,2024-12-03 22:29:31,210.99.114.165,28.28,1018.18,14.91,505.18,36301.11,-41.05
246763,SPXEGN1TGSB2IKT9 | 1733233191,SPXEGN1TGSB2IKT9,2024-12-03 22:39:51,210.99.114.165,28.24,1018.14,14.96,509.42,36949.63,-40.80
246814,SPXEGN1TGSB2IKT9 | 1733233761,SPXEGN1TGSB2IKT9,2024-12-03 22:49:21,210.99.114.165,28.21,1018.16,14.97,510.98,37189.73,-40.88
246871,SPXEGN1TGSB2IKT9 | 1733234381,SPXEGN1TGSB2IKT9,2024-12-03 22:59:41,210.99.114.165,28.15,1018.11,15.01,509.42,36949.63,-40.38
246928,SPXEGN1TGSB2IKT9 | 1733234998,SPXEGN1TGSB2IKT9,2024-12-03 23:09:58,210.99.114.165,28.14,1018.09,15.05,514.53,37737.99,-40.30
246980,SPXEGN1TGSB2IKT9 | 1733235599,SPXEGN1TGSB2IKT9,2024-12-03 23:19:59,210.99.114.165,28.11,1018.03,15.09,516.52,38047.76,-39.80
247032,SPXEGN1TGSB2IKT9 | 1733236176,SPXEGN1TGSB2IKT9,2024-12-03 23:29:36,210.99.114.165,28.09,1018.22,15.13,512.16,37371.16,-41.38
247088,SPXEGN1TGSB2IKT9 | 1733236793,SPXEGN1TGSB2IKT9,2024-12-03 23:39:53,210.99.114.165,28.03,1018.18,15.17,513.34,37553.96,-40.96
247139,SPXEGN1TGSB2IKT9 | 1733237365,SPXEGN1TGSB2IKT9,2024-12-03 23:49:25,210.99.114.165,27.98,1018.30,15.23,514.93,37799.75,-41.96
247197,SPXEGN1TGSB2IKT9 | 1733237977,SPXEGN1TGSB2IKT9,2024-12-03 23:59:37,210.99.114.165,27.96,1018.29,15.28,517.73,38235.34,-41.96
247253,SPXEGN1TGSB2IKT9 | 1733238592,SPXEGN1TGSB2IKT9,2024-12-04 00:09:52,210.99.114.165,27.96,1018.28,15.31,518.13,38298.14,-41.79
247304,SPXEGN1TGSB2IKT9 | 1733239164,SPXEGN1TGSB2IKT9,2024-12-04 00:19:24,210.99.114.165,27.92,1018.35,15.37,514.14,37676.61,-42.54
247359,SPXEGN1TGSB2IKT9 | 1733239783,SPXEGN1TGSB2IKT9,2024-12-04 00:29:43,210.99.114.165,27.90,1018.36,15.43,516.12,37985.48,-42.46
247416,SPXEGN1TGSB2IKT9 | 1733240397,SPXEGN1TGSB2IKT9,2024-12-04 00:39:57,210.99.114.165,27.85,1018.25,15.49,514.93,37799.75,-41.46
247467,SPXEGN1TGSB2IKT9 | 1733240964,SPXEGN1TGSB2IKT9,2024-12-04 00:49:24,210.99.114.165,27.79,1018.15,15.56,516.12,37985.48,-40.63
247522,SPXEGN1TGSB2IKT9 | 1733241576,SPXEGN1TGSB2IKT9,2024-12-04 00:59:36,210.99.114.165,27.78,1018.22,15.63,514.93,37799.75,-41.38
247578,SPXEGN1TGSB2IKT9 | 1733242193,SPXEGN1TGSB2IKT9,2024-12-04 01:09:53,210.99.114.165,27.74,1018.33,15.70,514.53,37737.99,-42.21
247632,SPXEGN1TGSB2IKT9 | 1733242763,SPXEGN1TGSB2IKT9,2024-12-04 01:19:23,210.99.114.165,27.73,1018.35,15.74,513.74,37615.10,-42.21
247687,SPXEGN1TGSB2IKT9 | 1733243380,SPXEGN1TGSB2IKT9,2024-12-04 01:29:40,210.99.114.165,27.71,1018.24,15.78,512.55,37431.99,-41.55
247739,SPXEGN1TGSB2IKT9 | 1733243956,SPXEGN1TGSB2IKT9,2024-12-04 01:39:16,210.99.114.165,27.69,1018.21,15.85,512.95,37492.88,-41.30
247795,SPXEGN1TGSB2IKT9 | 1733244573,SPXEGN1TGSB2IKT9,2024-12-04 01:49:33,210.99.114.165,27.66,1018.27,15.89,512.55,37431.99,-41.71
247852,SPXEGN1TGSB2IKT9 | 1733245184,SPXEGN1TGSB2IKT9,2024-12-04 01:59:44,210.99.114.165,27.64,1018.37,15.93,514.53,37737.99,-42.54
247904,SPXEGN1TGSB2IKT9 | 1733245758,SPXEGN1TGSB2IKT9,2024-12-04 02:09:18,210.99.114.165,27.63,1018.45,15.98,511.77,37310.53,-43.29
247957,SPXEGN1TGSB2IKT9 | 1733246363,SPXEGN1TGSB2IKT9,2024-12-04 02:19:23,210.99.114.165,27.61,1018.47,16.00,514.14,37676.61,-43.37
248012,SPXEGN1TGSB2IKT9 | 1733246982,SPXEGN1TGSB2IKT9,2024-12-04 02:29:42,210.99.114.165,27.58,1018.55,16.04,515.33,37861.41,-44.03
248069,SPXEGN1TGSB2IKT9 | 1733247596,SPXEGN1TGSB2IKT9,2024-12-04 02:39:56,210.99.114.165,27.54,1018.52,16.09,512.16,37371.16,-43.78
248121,SPXEGN1TGSB2IKT9 | 1733248170,SPXEGN1TGSB2IKT9,2024-12-04 02:49:30,210.99.114.165,27.51,1018.59,16.11,513.74,37615.10,-44.28
248176,SPXEGN1TGSB2IKT9 | 1733248787,SPXEGN1TGSB2IKT9,2024-12-04 02:59:47,210.99.114.165,27.49,1018.60,16.15,511.77,37310.53,-44.45
248228,SPXEGN1TGSB2IKT9 | 1733249388,SPXEGN1TGSB2IKT9,2024-12-04 03:09:48,210.99.114.165,27.49,1018.51,16.14,509.81,37009.51,-43.70
248276,SPXEGN1TGSB2IKT9 | 1733249990,SPXEGN1TGSB2IKT9,2024-12-04 03:19:50,210.99.114.165,27.47,1018.45,16.14,503.65,36069.39,-43.12
248309,SPXEGN1TGSB2IKT9 | 1733250544,SPXEGN1TGSB2IKT9,2024-12-04 03:29:04,210.99.114.165,27.50,1018.46,16.17,484.62,33242.25,-43.29
248352,SPXEGN1TGSB2IKT9 | 1733251196,SPXEGN1TGSB2IKT9,2024-12-04 03:39:56,210.99.114.165,27.52,1018.51,16.13,477.33,32190.97,-43.70
248396,SPXEGN1TGSB2IKT9 | 1733251754,SPXEGN1TGSB2IKT9,2024-12-04 03:49:14,210.99.114.165,27.48,1018.42,16.15,480.43,32635.51,-42.79
248442,SPXEGN1TGSB2IKT9 | 1733252383,SPXEGN1TGSB2IKT9,2024-12-04 03:59:43,210.99.114.165,27.45,1018.28,16.15,483.56,33088.94,-41.79
248490,SPXEGN1TGSB2IKT9 | 1733252991,SPXEGN1TGSB2IKT9,2024-12-04 04:09:51,210.99.114.165,27.43,1018.41,16.19,486.03,33448.12,-42.96
248542,SPXEGN1TGSB2IKT9 | 1733253597,SPXEGN1TGSB2IKT9,2024-12-04 04:19:57,210.99.114.165,27.37,1018.35,16.24,491.04,34183.28,-42.29
248594,SPXEGN1TGSB2IKT9 | 1733254194,SPXEGN1TGSB2IKT9,2024-12-04 04:29:54,210.99.114.165,27.34,1018.36,16.28,496.15,34942.18,-42.46
248641,SPXEGN1TGSB2IKT9 | 1733254786,SPXEGN1TGSB2IKT9,2024-12-04 04:39:46,210.99.114.165,27.32,1018.33,16.32,491.76,34290.19,-42.21
248683,SPXEGN1TGSB2IKT9 | 1733255359,SPXEGN1TGSB2IKT9,2024-12-04 04:49:19,210.99.114.165,27.33,1018.36,16.34,490.68,34130.04,-42.29
248731,SPXEGN1TGSB2IKT9 | 1733255955,SPXEGN1TGSB2IKT9,2024-12-04 04:59:15,210.99.114.165,27.30,1018.24,16.37,489.60,33970.86,-41.21
248783,SPXEGN1TGSB2IKT9 | 1733256557,SPXEGN1TGSB2IKT9,2024-12-04 05:09:17,210.99.114.165,27.27,1018.24,16.41,497.64,35163.49,-41.38
248832,SPXEGN1TGSB2IKT9 | 1733257157,SPXEGN1TGSB2IKT9,2024-12-04 05:19:17,210.99.114.165,27.27,1018.22,16.42,498.01,35219.18,-41.38
248881,SPXEGN1TGSB2IKT9 | 1733257792,SPXEGN1TGSB2IKT9,2024-12-04 05:29:52,210.99.114.165,27.22,1018.17,16.48,499.87,35499.24,-40.72
248930,SPXEGN1TGSB2IKT9 | 1733258377,SPXEGN1TGSB2IKT9,2024-12-04 05:39:37,210.99.114.165,27.20,1018.11,16.50,493.58,34559.68,-40.30
248983,SPXEGN1TGSB2IKT9 | 1733258996,SPXEGN1TGSB2IKT9,2024-12-04 05:49:56,210.99.114.165,27.19,1018.14,16.50,496.15,34942.18,-40.55
249035,SPXEGN1TGSB2IKT9 | 1733259592,SPXEGN1TGSB2IKT9,2024-12-04 05:59:52,210.99.114.165,27.16,1018.10,16.50,502.13,35839.78,-40.22
249081,SPXEGN1TGSB2IKT9 | 1733260160,SPXEGN1TGSB2IKT9,2024-12-04 06:09:20,210.99.114.165,27.16,1018.08,16.41,500.63,35612.27,-40.05
249133,SPXEGN1TGSB2IKT9 | 1733260763,SPXEGN1TGSB2IKT9,2024-12-04 06:19:23,210.99.114.165,27.06,1018.04,16.47,505.18,36301.11,-39.80
249180,SPXEGN1TGSB2IKT9 | 1733261362,SPXEGN1TGSB2IKT9,2024-12-04 06:29:22,210.99.114.165,27.09,1017.96,16.24,503.27,36011.80,-39.14
249238,SPXEGN1TGSB2IKT9 | 1733261991,SPXEGN1TGSB2IKT9,2024-12-04 06:39:51,210.99.114.165,26.93,1018.00,16.05,514.53,37737.99,-39.64
249288,SPXEGN1TGSB2IKT9 | 1733262586,SPXEGN1TGSB2IKT9,2024-12-04 06:49:46,210.99.114.165,26.80,1018.13,16.10,518.94,38424.34,-40.63
249339,SPXEGN1TGSB2IKT9 | 1733263172,SPXEGN1TGSB2IKT9,2024-12-04 06:59:32,210.99.114.165,26.70,1018.31,16.14,527.56,39785.64,-42.13
249389,SPXEGN1TGSB2IKT9 | 1733263757,SPXEGN1TGSB2IKT9,2024-12-04 07:09:17,210.99.114.165,26.67,1018.34,16.13,524.24,39258.88,-42.29
249443,SPXEGN1TGSB2IKT9 | 1733264377,SPXEGN1TGSB2IKT9,2024-12-04 07:19:37,210.99.114.165,26.84,1018.32,15.93,533.04,40663.87,-42.13
249497,SPXEGN1TGSB2IKT9 | 1733264997,SPXEGN1TGSB2IKT9,2024-12-04 07:29:57,210.99.114.165,26.64,1018.28,15.84,543.91,42433.37,-41.88
249549,SPXEGN1TGSB2IKT9 | 1733265565,SPXEGN1TGSB2IKT9,2024-12-04 07:39:25,210.99.114.165,26.64,1018.36,16.03,548.38,43172.63,-42.46
249604,SPXEGN1TGSB2IKT9 | 1733266178,SPXEGN1TGSB2IKT9,2024-12-04 07:49:38,210.99.114.165,26.83,1018.45,16.63,540.82,41926.78,-43.37
249659,SPXEGN1TGSB2IKT9 | 1733266790,SPXEGN1TGSB2IKT9,2024-12-04 07:59:50,210.99.114.165,27.08,1018.50,16.57,537.77,41428.93,-43.62
249712,SPXEGN1TGSB2IKT9 | 1733267399,SPXEGN1TGSB2IKT9,2024-12-04 08:09:59,210.99.114.165,27.26,1018.50,16.58,530.07,40187.59,-43.54
249764,SPXEGN1TGSB2IKT9 | 1733267970,SPXEGN1TGSB2IKT9,2024-12-04 08:19:30,210.99.114.165,27.42,1018.46,16.58,527.56,39785.64,-43.29
249821,SPXEGN1TGSB2IKT9 | 1733268583,SPXEGN1TGSB2IKT9,2024-12-04 08:29:43,210.99.114.165,27.55,1018.60,16.93,519.34,38487.59,-44.45
249871,SPXEGN1TGSB2IKT9 | 1733269158,SPXEGN1TGSB2IKT9,2024-12-04 08:39:18,210.99.114.165,27.68,1018.61,16.61,510.59,37129.39,-44.53
249925,SPXEGN1TGSB2IKT9 | 1733269763,SPXEGN1TGSB2IKT9,2024-12-04 08:49:23,210.99.114.165,27.83,1018.64,16.54,507.48,36652.84,-44.78
249981,SPXEGN1TGSB2IKT9 | 1733270379,SPXEGN1TGSB2IKT9,2024-12-04 08:59:39,210.99.114.165,27.92,1018.67,16.43,504.79,36243.03,-44.94
250037,SPXEGN1TGSB2IKT9 | 1733270991,SPXEGN1TGSB2IKT9,2024-12-04 09:09:51,210.99.114.165,28.01,1018.71,16.34,505.18,36301.11,-45.36
250087,SPXEGN1TGSB2IKT9 | 1733271563,SPXEGN1TGSB2IKT9,2024-12-04 09:19:23,210.99.114.165,28.10,1018.70,16.42,496.89,35052.66,-45.28
250143,SPXEGN1TGSB2IKT9 | 1733272181,SPXEGN1TGSB2IKT9,2024-12-04 09:29:41,210.99.114.165,28.24,1018.75,16.28,496.15,34942.18,-45.77
250198,SPXEGN1TGSB2IKT9 | 1733272791,SPXEGN1TGSB2IKT9,2024-12-04 09:39:51,210.99.114.165,28.33,1018.80,16.14,491.40,34236.72,-46.19
250248,SPXEGN1TGSB2IKT9 | 1733273357,SPXEGN1TGSB2IKT9,2024-12-04 09:49:17,210.99.114.165,28.39,1018.86,16.06,493.22,34505.55,-46.69
250303,SPXEGN1TGSB2IKT9 | 1733273971,SPXEGN1TGSB2IKT9,2024-12-04 09:59:31,210.99.114.165,28.47,1018.84,15.98,491.04,34183.28,-46.60
250360,SPXEGN1TGSB2IKT9 | 1733274586,SPXEGN1TGSB2IKT9,2024-12-04 10:09:46,210.99.114.165,28.56,1018.81,15.87,491.04,34183.28,-46.27
250413,SPXEGN1TGSB2IKT9 | 1733275158,SPXEGN1TGSB2IKT9,2024-12-04 10:19:18,210.99.114.165,28.65,1018.79,15.77,489.96,34023.83,-46.27
250466,SPXEGN1TGSB2IKT9 | 1733275758,SPXEGN1TGSB2IKT9,2024-12-04 10:29:18,210.99.114.165,28.77,1018.82,15.70,488.88,33865.34,-46.44
250521,SPXEGN1TGSB2IKT9 | 1733276368,SPXEGN1TGSB2IKT9,2024-12-04 10:39:28,210.99.114.165,28.86,1018.83,15.60,489.24,33918.08,-46.44
250576,SPXEGN1TGSB2IKT9 | 1733276981,SPXEGN1TGSB2IKT9,2024-12-04 10:49:41,210.99.114.165,28.97,1018.79,15.51,484.27,33191.05,-46.11
250631,SPXEGN1TGSB2IKT9 | 1733277596,SPXEGN1TGSB2IKT9,2024-12-04 10:59:56,210.99.114.165,29.06,1018.57,15.41,483.56,33088.94,-44.20
250684,SPXEGN1TGSB2IKT9 | 1733278198,SPXEGN1TGSB2IKT9,2024-12-04 11:09:58,210.99.114.165,29.21,1018.55,15.33,484.62,33242.25,-43.95
250736,SPXEGN1TGSB2IKT9 | 1733278769,SPXEGN1TGSB2IKT9,2024-12-04 11:19:29,210.99.114.165,29.31,1018.55,15.27,479.74,32536.00,-44.03
250792,SPXEGN1TGSB2IKT9 | 1733279383,SPXEGN1TGSB2IKT9,2024-12-04 11:29:43,210.99.114.165,29.31,1018.45,15.31,477.67,32239.94,-43.29
250848,SPXEGN1TGSB2IKT9 | 1733279995,SPXEGN1TGSB2IKT9,2024-12-04 11:39:55,210.99.114.165,29.36,1018.19,15.27,482.51,32936.87,-40.96
250900,SPXEGN1TGSB2IKT9 | 1733280563,SPXEGN1TGSB2IKT9,2024-12-04 11:49:23,210.99.114.165,29.46,1018.00,15.21,480.77,32685.40,-39.47
250956,SPXEGN1TGSB2IKT9 | 1733281177,SPXEGN1TGSB2IKT9,2024-12-04 11:59:37,210.99.114.165,29.52,1017.84,15.14,473.60,31659.46,-38.31
251012,SPXEGN1TGSB2IKT9 | 1733281791,SPXEGN1TGSB2IKT9,2024-12-04 12:09:51,210.99.114.165,29.56,1017.67,15.08,480.77,32685.40,-36.73
251064,SPXEGN1TGSB2IKT9 | 1733282363,SPXEGN1TGSB2IKT9,2024-12-04 12:19:23,210.99.114.165,29.63,1017.45,15.00,481.12,32735.48,-34.83
251120,SPXEGN1TGSB2IKT9 | 1733282978,SPXEGN1TGSB2IKT9,2024-12-04 12:29:38,210.99.114.165,29.72,1017.25,14.99,477.67,32239.94,-33.33
251174,SPXEGN1TGSB2IKT9 | 1733283590,SPXEGN1TGSB2IKT9,2024-12-04 12:39:50,210.99.114.165,29.78,1017.11,14.97,479.05,32436.77,-32.09
251226,SPXEGN1TGSB2IKT9 | 1733284164,SPXEGN1TGSB2IKT9,2024-12-04 12:49:24,210.99.114.165,29.83,1016.93,14.97,469.60,31093.87,-30.68
251282,SPXEGN1TGSB2IKT9 | 1733284780,SPXEGN1TGSB2IKT9,2024-12-04 12:59:40,210.99.114.165,29.89,1016.85,14.89,475.63,31947.68,-29.85
251337,SPXEGN1TGSB2IKT9 | 1733285389,SPXEGN1TGSB2IKT9,2024-12-04 13:09:49,210.99.114.165,29.92,1016.79,15.00,472.26,31469.28,-29.43
251392,SPXEGN1TGSB2IKT9 | 1733285998,SPXEGN1TGSB2IKT9,2024-12-04 13:19:58,210.99.114.165,30.01,1016.64,14.96,470.26,31187.20,-28.27
251444,SPXEGN1TGSB2IKT9 | 1733286568,SPXEGN1TGSB2IKT9,2024-12-04 13:29:28,210.99.114.165,30.04,1016.60,14.95,471.26,31327.79,-27.77
251500,SPXEGN1TGSB2IKT9 | 1733287178,SPXEGN1TGSB2IKT9,2024-12-04 13:39:38,210.99.114.165,30.12,1016.48,14.95,467.95,30862.66,-26.86
251556,SPXEGN1TGSB2IKT9 | 1733287792,SPXEGN1TGSB2IKT9,2024-12-04 13:49:52,210.99.114.165,30.15,1016.30,15.03,461.80,30005.92,-25.28
251608,SPXEGN1TGSB2IKT9 | 1733288365,SPXEGN1TGSB2IKT9,2024-12-04 13:59:25,210.99.114.165,30.24,1016.08,15.05,460.84,29873.88,-23.29
251663,SPXEGN1TGSB2IKT9 | 1733288985,SPXEGN1TGSB2IKT9,2024-12-04 14:09:45,210.99.114.165,30.28,1016.01,14.99,459.25,29655.55,-22.95
251714,SPXEGN1TGSB2IKT9 | 1733289556,SPXEGN1TGSB2IKT9,2024-12-04 14:19:16,210.99.114.165,30.28,1015.87,15.05,456.73,29311.07,-21.71
251771,SPXEGN1TGSB2IKT9 | 1733290172,SPXEGN1TGSB2IKT9,2024-12-04 14:29:32,210.99.114.165,30.32,1015.69,15.00,453.94,28930.25,-20.21
251827,SPXEGN1TGSB2IKT9 | 1733290788,SPXEGN1TGSB2IKT9,2024-12-04 14:39:48,210.99.114.165,30.32,1015.51,15.02,449.95,28392.80,-18.80
251878,SPXEGN1TGSB2IKT9 | 1733291358,SPXEGN1TGSB2IKT9,2024-12-04 14:49:18,210.99.114.165,30.33,1015.37,15.00,451.78,28639.03,-17.47
251932,SPXEGN1TGSB2IKT9 | 1733291958,SPXEGN1TGSB2IKT9,2024-12-04 14:59:18,210.99.114.165,30.37,1015.31,15.02,451.78,28639.03,-17.22
251987,SPXEGN1TGSB2IKT9 | 1733292575,SPXEGN1TGSB2IKT9,2024-12-04 15:09:35,210.99.114.165,30.41,1015.30,15.14,446.94,27989.27,-17.05
252042,SPXEGN1TGSB2IKT9 | 1733293191,SPXEGN1TGSB2IKT9,2024-12-04 15:19:51,210.99.114.165,30.50,1015.34,15.06,446.64,27949.28,-17.39
252094,SPXEGN1TGSB2IKT9 | 1733293762,SPXEGN1TGSB2IKT9,2024-12-04 15:29:22,210.99.114.165,30.51,1015.25,15.04,445.45,27790.53,-16.55
252151,SPXEGN1TGSB2IKT9 | 1733294380,SPXEGN1TGSB2IKT9,2024-12-04 15:39:40,210.99.114.165,30.52,1015.18,15.11,439.57,27015.69,-16.06
252207,SPXEGN1TGSB2IKT9 | 1733294992,SPXEGN1TGSB2IKT9,2024-12-04 15:49:52,210.99.114.165,30.57,1015.08,15.08,440.44,27129.91,-15.23
252258,SPXEGN1TGSB2IKT9 | 1733295563,SPXEGN1TGSB2IKT9,2024-12-04 15:59:23,210.99.114.165,30.59,1015.02,15.12,440.44,27129.91,-14.81
252315,SPXEGN1TGSB2IKT9 | 1733296177,SPXEGN1TGSB2IKT9,2024-12-04 16:09:37,210.99.114.165,30.66,1015.08,15.05,437.84,26789.30,-15.14
252371,SPXEGN1TGSB2IKT9 | 1733296790,SPXEGN1TGSB2IKT9,2024-12-04 16:19:50,210.99.114.165,30.70,1015.02,15.09,438.13,26826.88,-14.64
252423,SPXEGN1TGSB2IKT9 | 1733297358,SPXEGN1TGSB2IKT9,2024-12-04 16:29:18,210.99.114.165,30.69,1014.96,15.08,436.41,26602.86,-14.14
252478,SPXEGN1TGSB2IKT9 | 1733297968,SPXEGN1TGSB2IKT9,2024-12-04 16:39:28,210.99.114.165,30.70,1014.92,15.09,434.42,26344.86,-13.98
252534,SPXEGN1TGSB2IKT9 | 1733298579,SPXEGN1TGSB2IKT9,2024-12-04 16:49:39,210.99.114.165,30.72,1014.88,15.14,435.27,26454.90,-13.73
252590,SPXEGN1TGSB2IKT9 | 1733299196,SPXEGN1TGSB2IKT9,2024-12-04 16:59:56,210.99.114.165,30.74,1014.83,15.16,435.27,26454.90,-13.23
252641,SPXEGN1TGSB2IKT9 | 1733299766,SPXEGN1TGSB2IKT9,2024-12-04 17:09:26,210.99.114.165,30.74,1014.77,15.14,430.77,25875.08,-12.65
252697,SPXEGN1TGSB2IKT9 | 1733300378,SPXEGN1TGSB2IKT9,2024-12-04 17:19:38,210.99.114.165,30.72,1014.70,15.16,429.94,25768.44,-12.07
252753,SPXEGN1TGSB2IKT9 | 1733300993,SPXEGN1TGSB2IKT9,2024-12-04 17:29:53,210.99.114.165,30.70,1014.60,15.11,426.91,25382.66,-11.32
252805,SPXEGN1TGSB2IKT9 | 1733301561,SPXEGN1TGSB2IKT9,2024-12-04 17:39:21,210.99.114.165,30.68,1014.50,15.06,424.46,25073.33,-10.57
252861,SPXEGN1TGSB2IKT9 | 1733302175,SPXEGN1TGSB2IKT9,2024-12-04 17:49:35,210.99.114.165,30.49,1014.48,15.05,426.64,25348.03,-10.24
252915,SPXEGN1TGSB2IKT9 | 1733302789,SPXEGN1TGSB2IKT9,2024-12-04 17:59:49,210.99.114.165,30.30,1014.50,15.01,429.66,25733.02,-10.57
252967,SPXEGN1TGSB2IKT9 | 1733303363,SPXEGN1TGSB2IKT9,2024-12-04 18:09:23,210.99.114.165,30.18,1014.47,15.08,436.12,26565.70,-10.24
253025,SPXEGN1TGSB2IKT9 | 1733303983,SPXEGN1TGSB2IKT9,2024-12-04 18:19:43,210.99.114.165,30.04,1014.49,15.11,438.99,26939.90,-10.49
253077,SPXEGN1TGSB2IKT9 | 1733304559,SPXEGN1TGSB2IKT9,2024-12-04 18:29:19,210.99.114.165,29.93,1014.54,15.25,435.84,26528.70,-10.73
253130,SPXEGN1TGSB2IKT9 | 1733305162,SPXEGN1TGSB2IKT9,2024-12-04 18:39:22,210.99.114.165,29.87,1014.56,15.24,437.27,26714.49,-10.90
253186,SPXEGN1TGSB2IKT9 | 1733305779,SPXEGN1TGSB2IKT9,2024-12-04 18:49:39,210.99.114.165,29.72,1014.60,15.22,444.26,27633.03,-11.23
253242,SPXEGN1TGSB2IKT9 | 1733306394,SPXEGN1TGSB2IKT9,2024-12-04 18:59:54,210.99.114.165,29.63,1014.61,15.23,443.96,27593.83,-11.32
253293,SPXEGN1TGSB2IKT9 | 1733306964,SPXEGN1TGSB2IKT9,2024-12-04 19:09:24,210.99.114.165,29.53,1014.63,15.23,441.32,27244.89,-11.57
253350,SPXEGN1TGSB2IKT9 | 1733307583,SPXEGN1TGSB2IKT9,2024-12-04 19:19:43,210.99.114.165,29.43,1014.62,15.23,443.37,27515.77,-11.48
253405,SPXEGN1TGSB2IKT9 | 1733308197,SPXEGN1TGSB2IKT9,2024-12-04 19:29:57,210.99.114.165,29.36,1014.69,15.25,449.35,28311.46,-12.07
253457,SPXEGN1TGSB2IKT9 | 1733308766,SPXEGN1TGSB2IKT9,2024-12-04 19:39:26,210.99.114.165,29.27,1014.70,15.27,451.48,28597.89,-12.07
253512,SPXEGN1TGSB2IKT9 | 1733309380,SPXEGN1TGSB2IKT9,2024-12-04 19:49:40,210.99.114.165,29.19,1014.73,15.25,454.55,29014.25,-12.31
253568,SPXEGN1TGSB2IKT9 | 1733309995,SPXEGN1TGSB2IKT9,2024-12-04 19:59:55,210.99.114.165,29.24,1014.65,15.26,460.84,29873.88,-11.57
253620,SPXEGN1TGSB2IKT9 | 1733310597,SPXEGN1TGSB2IKT9,2024-12-04 20:09:57,210.99.114.165,29.28,1014.84,15.17,459.88,29742.53,-13.31
253675,SPXEGN1TGSB2IKT9 | 1733311198,SPXEGN1TGSB2IKT9,2024-12-04 20:19:58,210.99.114.165,29.11,1014.81,15.19,465.67,30542.92,-12.98
253727,SPXEGN1TGSB2IKT9 | 1733311769,SPXEGN1TGSB2IKT9,2024-12-04 20:29:29,210.99.114.165,28.97,1014.82,15.20,468.28,30908.63,-13.15
253783,SPXEGN1TGSB2IKT9 | 1733312381,SPXEGN1TGSB2IKT9,2024-12-04 20:39:41,210.99.114.165,28.87,1014.88,15.23,471.93,31422.03,-13.48
253838,SPXEGN1TGSB2IKT9 | 1733312999,SPXEGN1TGSB2IKT9,2024-12-04 20:49:59,210.99.114.165,28.78,1014.96,15.31,473.27,31611.65,-14.23
253890,SPXEGN1TGSB2IKT9 | 1733313568,SPXEGN1TGSB2IKT9,2024-12-04 20:59:28,210.99.114.165,28.72,1015.04,15.33,474.28,31755.06,-14.98
253946,SPXEGN1TGSB2IKT9 | 1733314183,SPXEGN1TGSB2IKT9,2024-12-04 21:09:43,210.99.114.165,28.64,1015.08,15.34,478.70,32387.37,-15.23
253998,SPXEGN1TGSB2IKT9 | 1733314756,SPXEGN1TGSB2IKT9,2024-12-04 21:19:16,210.99.114.165,28.57,1015.08,15.38,476.99,32142.04,-15.14
254054,SPXEGN1TGSB2IKT9 | 1733315375,SPXEGN1TGSB2IKT9,2024-12-04 21:29:35,210.99.114.165,28.52,1015.02,15.40,479.74,32536.00,-14.73
254108,SPXEGN1TGSB2IKT9 | 1733315989,SPXEGN1TGSB2IKT9,2024-12-04 21:39:49,210.99.114.165,28.47,1015.07,15.42,480.77,32685.40,-15.23
254160,SPXEGN1TGSB2IKT9 | 1733316565,SPXEGN1TGSB2IKT9,2024-12-04 21:49:25,210.99.114.165,28.41,1015.03,15.46,480.08,32585.67,-14.89
254216,SPXEGN1TGSB2IKT9 | 1733317180,SPXEGN1TGSB2IKT9,2024-12-04 21:59:40,210.99.114.165,28.37,1014.94,15.49,481.82,32835.88,-14.14
254272,SPXEGN1TGSB2IKT9 | 1733317797,SPXEGN1TGSB2IKT9,2024-12-04 22:09:57,210.99.114.165,28.31,1014.89,15.53,482.16,32886.36,-13.73
254324,SPXEGN1TGSB2IKT9 | 1733318369,SPXEGN1TGSB2IKT9,2024-12-04 22:19:29,210.99.114.165,28.27,1014.87,15.59,482.86,32987.43,-13.56
254380,SPXEGN1TGSB2IKT9 | 1733318985,SPXEGN1TGSB2IKT9,2024-12-04 22:29:45,210.99.114.165,28.24,1014.78,15.63,482.51,32936.87,-12.73
254431,SPXEGN1TGSB2IKT9 | 1733319557,SPXEGN1TGSB2IKT9,2024-12-04 22:39:17,210.99.114.165,28.20,1014.79,15.70,485.67,33396.34,-12.90
254487,SPXEGN1TGSB2IKT9 | 1733320172,SPXEGN1TGSB2IKT9,2024-12-04 22:49:32,210.99.114.165,28.13,1014.82,15.74,486.03,33448.12,-13.15
254542,SPXEGN1TGSB2IKT9 | 1733320791,SPXEGN1TGSB2IKT9,2024-12-04 22:59:51,210.99.114.165,28.06,1014.78,15.81,483.21,33038.16,-12.73
254592,SPXEGN1TGSB2IKT9 | 1733321363,SPXEGN1TGSB2IKT9,2024-12-04 23:09:23,210.99.114.165,28.04,1014.72,15.85,486.03,33448.12,-12.23
254648,SPXEGN1TGSB2IKT9 | 1733321977,SPXEGN1TGSB2IKT9,2024-12-04 23:19:37,210.99.114.165,27.98,1014.74,15.92,487.81,33707.95,-12.48
254704,SPXEGN1TGSB2IKT9 | 1733322589,SPXEGN1TGSB2IKT9,2024-12-04 23:29:49,210.99.114.165,27.93,1014.70,15.99,485.32,33344.88,-12.07
254756,SPXEGN1TGSB2IKT9 | 1733323157,SPXEGN1TGSB2IKT9,2024-12-04 23:39:17,210.99.114.165,27.90,1014.70,16.05,487.45,33655.82,-12.07
254811,SPXEGN1TGSB2IKT9 | 1733323768,SPXEGN1TGSB2IKT9,2024-12-04 23:49:28,210.99.114.165,27.86,1014.50,16.10,484.97,33293.47,-10.40
254864,SPXEGN1TGSB2IKT9 | 1733324383,SPXEGN1TGSB2IKT9,2024-12-04 23:59:43,210.99.114.165,27.82,1014.50,16.14,484.62,33242.25,-10.24
254919,SPXEGN1TGSB2IKT9 | 1733324996,SPXEGN1TGSB2IKT9,2024-12-05 00:09:56,210.99.114.165,27.77,1014.48,16.20,487.10,33603.73,-10.24
254971,SPXEGN1TGSB2IKT9 | 1733325565,SPXEGN1TGSB2IKT9,2024-12-05 00:19:25,210.99.114.165,27.74,1014.38,16.22,483.21,33038.16,-9.40
255027,SPXEGN1TGSB2IKT9 | 1733326181,SPXEGN1TGSB2IKT9,2024-12-05 00:29:41,210.99.114.165,27.70,1014.25,16.27,482.86,32987.43,-8.41
255079,SPXEGN1TGSB2IKT9 | 1733326756,SPXEGN1TGSB2IKT9,2024-12-05 00:39:16,210.99.114.165,27.70,1014.18,16.28,484.97,33293.47,-7.66
255134,SPXEGN1TGSB2IKT9 | 1733327374,SPXEGN1TGSB2IKT9,2024-12-05 00:49:34,210.99.114.165,27.64,1014.03,16.34,482.16,32886.36,-6.41
255191,SPXEGN1TGSB2IKT9 | 1733327990,SPXEGN1TGSB2IKT9,2024-12-05 00:59:50,210.99.114.165,27.61,1013.97,16.36,484.62,33242.25,-6.08
255243,SPXEGN1TGSB2IKT9 | 1733328565,SPXEGN1TGSB2IKT9,2024-12-05 01:09:25,210.99.114.165,27.56,1014.00,16.40,484.27,33191.05,-6.33
255298,SPXEGN1TGSB2IKT9 | 1733329179,SPXEGN1TGSB2IKT9,2024-12-05 01:19:39,210.99.114.165,27.52,1013.98,16.40,485.32,33344.88,-6.16
255349,SPXEGN1TGSB2IKT9 | 1733329755,SPXEGN1TGSB2IKT9,2024-12-05 01:29:15,210.99.114.165,27.49,1013.94,16.44,483.56,33088.94,-5.74
255405,SPXEGN1TGSB2IKT9 | 1733330369,SPXEGN1TGSB2IKT9,2024-12-05 01:39:29,210.99.114.165,27.45,1013.87,16.49,485.32,33344.88,-5.08
255461,SPXEGN1TGSB2IKT9 | 1733330985,SPXEGN1TGSB2IKT9,2024-12-05 01:49:45,210.99.114.165,27.42,1013.78,16.56,481.47,32785.59,-4.41
255511,SPXEGN1TGSB2IKT9 | 1733331559,SPXEGN1TGSB2IKT9,2024-12-05 01:59:19,210.99.114.165,27.43,1013.81,16.60,480.08,32585.67,-4.66
255566,SPXEGN1TGSB2IKT9 | 1733332172,SPXEGN1TGSB2IKT9,2024-12-05 02:09:32,210.99.114.165,27.40,1013.79,16.56,475.63,31947.68,-4.49
255621,SPXEGN1TGSB2IKT9 | 1733332789,SPXEGN1TGSB2IKT9,2024-12-05 02:19:49,210.99.114.165,27.35,1013.81,16.54,479.74,32536.00,-4.66
255673,SPXEGN1TGSB2IKT9 | 1733333364,SPXEGN1TGSB2IKT9,2024-12-05 02:29:24,210.99.114.165,27.33,1013.79,16.52,482.51,32936.87,-4.58
255728,SPXEGN1TGSB2IKT9 | 1733333978,SPXEGN1TGSB2IKT9,2024-12-05 02:39:38,210.99.114.165,27.31,1013.86,16.52,484.97,33293.47,-5.16
255784,SPXEGN1TGSB2IKT9 | 1733334589,SPXEGN1TGSB2IKT9,2024-12-05 02:49:49,210.99.114.165,27.28,1013.88,16.53,484.27,33191.05,-5.24
255836,SPXEGN1TGSB2IKT9 | 1733335161,SPXEGN1TGSB2IKT9,2024-12-05 02:59:21,210.99.114.165,27.26,1013.80,16.52,486.03,33448.12,-4.49
255884,SPXEGN1TGSB2IKT9 | 1733335743,SPXEGN1TGSB2IKT9,2024-12-05 03:09:03,210.99.114.165,27.25,1013.65,16.54,480.08,32585.67,-3.33
255924,SPXEGN1TGSB2IKT9 | 1733336357,SPXEGN1TGSB2IKT9,2024-12-05 03:19:17,210.99.114.165,27.26,1013.49,16.56,473.60,31659.46,-1.91
255965,SPXEGN1TGSB2IKT9 | 1733336949,SPXEGN1TGSB2IKT9,2024-12-05 03:29:09,210.99.114.165,27.26,1013.35,16.59,465.34,30497.64,-0.75
256012,SPXEGN1TGSB2IKT9 | 1733337548,SPXEGN1TGSB2IKT9,2024-12-05 03:39:08,210.99.114.165,27.24,1013.18,16.59,470.60,31233.97,0.58
256058,SPXEGN1TGSB2IKT9 | 1733338170,SPXEGN1TGSB2IKT9,2024-12-05 03:49:30,210.99.114.165,27.22,1013.00,16.58,463.08,30183.42,2.00
256109,SPXEGN1TGSB2IKT9 | 1733338777,SPXEGN1TGSB2IKT9,2024-12-05 03:59:37,210.99.114.165,27.19,1012.89,16.58,471.26,31327.79,3.00
256158,SPXEGN1TGSB2IKT9 | 1733339378,SPXEGN1TGSB2IKT9,2024-12-05 04:09:38,210.99.114.165,27.17,1012.85,16.62,469.60,31093.87,3.33
256198,SPXEGN1TGSB2IKT9 | 1733339941,SPXEGN1TGSB2IKT9,2024-12-05 04:19:01,210.99.114.165,27.17,1012.76,16.64,458.30,29525.65,4.08
256246,SPXEGN1TGSB2IKT9 | 1733340559,SPXEGN1TGSB2IKT9,2024-12-05 04:29:19,210.99.114.165,27.14,1012.70,16.62,457.99,29482.51,4.58
256292,SPXEGN1TGSB2IKT9 | 1733341184,SPXEGN1TGSB2IKT9,2024-12-05 04:39:44,210.99.114.165,27.10,1012.69,16.67,459.88,29742.53,4.66
256339,SPXEGN1TGSB2IKT9 | 1733341761,SPXEGN1TGSB2IKT9,2024-12-05 04:49:21,210.99.114.165,27.09,1012.63,16.67,465.02,30452.53,5.08
256386,SPXEGN1TGSB2IKT9 | 1733342354,SPXEGN1TGSB2IKT9,2024-12-05 04:59:14,210.99.114.165,27.07,1012.53,16.69,467.95,30862.66,6.08
256439,SPXEGN1TGSB2IKT9 | 1733342966,SPXEGN1TGSB2IKT9,2024-12-05 05:09:26,210.99.114.165,27.04,1012.47,16.68,473.94,31707.17,6.50
256490,SPXEGN1TGSB2IKT9 | 1733343573,SPXEGN1TGSB2IKT9,2024-12-05 05:19:33,210.99.114.165,27.00,1012.32,16.70,475.97,31996.18,7.91
256534,SPXEGN1TGSB2IKT9 | 1733344154,SPXEGN1TGSB2IKT9,2024-12-05 05:29:14,210.99.114.165,26.98,1012.20,16.72,471.59,31374.83,8.75
256580,SPXEGN1TGSB2IKT9 | 1733344776,SPXEGN1TGSB2IKT9,2024-12-05 05:39:36,210.99.114.165,27.00,1012.18,16.69,470.60,31233.97,8.91
256632,SPXEGN1TGSB2IKT9 | 1733345369,SPXEGN1TGSB2IKT9,2024-12-05 05:49:29,210.99.114.165,26.96,1012.14,16.72,478.70,32387.37,9.16
256682,SPXEGN1TGSB2IKT9 | 1733345975,SPXEGN1TGSB2IKT9,2024-12-05 05:59:35,210.99.114.165,26.97,1012.21,16.68,474.61,31803.12,8.50
256732,SPXEGN1TGSB2IKT9 | 1733346599,SPXEGN1TGSB2IKT9,2024-12-05 06:09:59,210.99.114.165,26.88,1012.30,16.58,479.39,32486.37,8.00
256773,SPXEGN1TGSB2IKT9 | 1733347171,SPXEGN1TGSB2IKT9,2024-12-05 06:19:31,210.99.114.165,26.82,1012.31,16.58,478.36,32338.14,7.83
256826,SPXEGN1TGSB2IKT9 | 1733347798,SPXEGN1TGSB2IKT9,2024-12-05 06:29:58,210.99.114.165,26.77,1012.33,16.58,478.70,32387.37,7.58
256877,SPXEGN1TGSB2IKT9 | 1733348375,SPXEGN1TGSB2IKT9,2024-12-05 06:39:35,210.99.114.165,26.67,1012.43,16.43,489.96,34023.83,6.83
256929,SPXEGN1TGSB2IKT9 | 1733348959,SPXEGN1TGSB2IKT9,2024-12-05 06:49:19,210.99.114.165,26.54,1012.49,16.41,495.79,34887.16,6.25
256974,SPXEGN1TGSB2IKT9 | 1733349574,SPXEGN1TGSB2IKT9,2024-12-05 06:59:34,210.99.114.165,26.53,1012.57,16.44,490.32,34076.84,5.66
257020,SPXEGN1TGSB2IKT9 | 1733350174,SPXEGN1TGSB2IKT9,2024-12-05 07:09:34,210.99.114.165,26.60,1012.66,16.64,479.74,32536.00,4.83
257068,SPXEGN1TGSB2IKT9 | 1733350771,SPXEGN1TGSB2IKT9,2024-12-05 07:19:31,210.99.114.165,26.63,1012.67,16.71,484.62,33242.25,4.91
257117,SPXEGN1TGSB2IKT9 | 1733351359,SPXEGN1TGSB2IKT9,2024-12-05 07:29:19,210.99.114.165,26.58,1012.61,16.77,493.58,34559.68,5.41
257175,SPXEGN1TGSB2IKT9 | 1733351997,SPXEGN1TGSB2IKT9,2024-12-05 07:39:57,210.99.114.165,26.54,1012.78,18.10,489.24,33918.08,4.00
257221,SPXEGN1TGSB2IKT9 | 1733352557,SPXEGN1TGSB2IKT9,2024-12-05 07:49:17,210.99.114.165,26.50,1012.75,17.74,483.21,33038.16,4.16
257275,SPXEGN1TGSB2IKT9 | 1733353173,SPXEGN1TGSB2IKT9,2024-12-05 07:59:33,210.99.114.165,26.51,1012.93,17.67,486.38,33499.80,2.50
257330,SPXEGN1TGSB2IKT9 | 1733353792,SPXEGN1TGSB2IKT9,2024-12-05 08:09:52,210.99.114.165,26.57,1012.92,17.40,489.24,33918.08,2.75
257381,SPXEGN1TGSB2IKT9 | 1733354361,SPXEGN1TGSB2IKT9,2024-12-05 08:19:21,210.99.114.165,26.60,1012.86,17.28,489.60,33970.86,3.16
257438,SPXEGN1TGSB2IKT9 | 1733354978,SPXEGN1TGSB2IKT9,2024-12-05 08:29:38,210.99.114.165,26.78,1012.77,17.54,487.10,33603.73,3.91
257493,SPXEGN1TGSB2IKT9 | 1733355591,SPXEGN1TGSB2IKT9,2024-12-05 08:39:51,210.99.114.165,27.12,1012.75,17.35,485.32,33344.88,4.08
257545,SPXEGN1TGSB2IKT9 | 1733356161,SPXEGN1TGSB2IKT9,2024-12-05 08:49:21,210.99.114.165,27.40,1012.81,17.24,481.47,32785.59,3.66
257602,SPXEGN1TGSB2IKT9 | 1733356777,SPXEGN1TGSB2IKT9,2024-12-05 08:59:37,210.99.114.165,27.62,1012.91,17.17,474.61,31803.12,2.75
257658,SPXEGN1TGSB2IKT9 | 1733357389,SPXEGN1TGSB2IKT9,2024-12-05 09:09:49,210.99.114.165,27.80,1013.01,17.14,471.93,31422.03,2.00
257710,SPXEGN1TGSB2IKT9 | 1733357958,SPXEGN1TGSB2IKT9,2024-12-05 09:19:18,210.99.114.165,27.95,1013.01,17.12,466.64,30679.39,1.91
257764,SPXEGN1TGSB2IKT9 | 1733358558,SPXEGN1TGSB2IKT9,2024-12-05 09:29:18,210.99.114.165,28.12,1013.03,17.14,462.44,30094.54,1.75
257819,SPXEGN1TGSB2IKT9 | 1733359162,SPXEGN1TGSB2IKT9,2024-12-05 09:39:22,210.99.114.165,28.36,1013.03,17.09,459.57,29698.96,1.91
257875,SPXEGN1TGSB2IKT9 | 1733359776,SPXEGN1TGSB2IKT9,2024-12-05 09:49:36,210.99.114.165,28.52,1013.24,17.08,455.18,29098.65,0.08
257931,SPXEGN1TGSB2IKT9 | 1733360391,SPXEGN1TGSB2IKT9,2024-12-05 09:59:51,210.99.114.165,28.69,1013.26,17.07,450.56,28474.54,-0.08
257983,SPXEGN1TGSB2IKT9 | 1733360960,SPXEGN1TGSB2IKT9,2024-12-05 10:09:20,210.99.114.165,28.84,1013.18,17.05,446.34,27909.45,0.67
258037,SPXEGN1TGSB2IKT9 | 1733361575,SPXEGN1TGSB2IKT9,2024-12-05 10:19:35,210.99.114.165,28.88,1013.16,17.09,441.32,27244.89,0.67
258093,SPXEGN1TGSB2IKT9 | 1733362188,SPXEGN1TGSB2IKT9,2024-12-05 10:29:48,210.99.114.165,29.01,1013.18,17.04,437.27,26714.49,0.50
258145,SPXEGN1TGSB2IKT9 | 1733362759,SPXEGN1TGSB2IKT9,2024-12-05 10:39:19,210.99.114.165,29.16,1013.14,16.99,432.17,26054.29,0.92
258200,SPXEGN1TGSB2IKT9 | 1733363358,SPXEGN1TGSB2IKT9,2024-12-05 10:49:18,210.99.114.165,29.32,1013.15,17.04,434.14,26308.27,0.75
258254,SPXEGN1TGSB2IKT9 | 1733363959,SPXEGN1TGSB2IKT9,2024-12-05 10:59:19,210.99.114.165,29.47,1012.99,16.92,424.73,25107.39,2.16
258308,SPXEGN1TGSB2IKT9 | 1733364562,SPXEGN1TGSB2IKT9,2024-12-05 11:09:22,210.99.114.165,29.60,1012.89,16.84,424.19,25039.28,2.91
258364,SPXEGN1TGSB2IKT9 | 1733365172,SPXEGN1TGSB2IKT9,2024-12-05 11:19:32,210.99.114.165,29.76,1012.70,16.79,423.92,25005.26,4.58
258419,SPXEGN1TGSB2IKT9 | 1733365783,SPXEGN1TGSB2IKT9,2024-12-05 11:29:43,210.99.114.165,29.86,1012.53,16.65,422.05,24769.29,5.91
258475,SPXEGN1TGSB2IKT9 | 1733366394,SPXEGN1TGSB2IKT9,2024-12-05 11:39:54,210.99.114.165,29.98,1012.25,16.56,419.13,24404.89,8.33
258527,SPXEGN1TGSB2IKT9 | 1733366964,SPXEGN1TGSB2IKT9,2024-12-05 11:49:24,210.99.114.165,30.07,1012.14,16.44,416.25,24048.17,9.25
258583,SPXEGN1TGSB2IKT9 | 1733367575,SPXEGN1TGSB2IKT9,2024-12-05 11:59:35,210.99.114.165,30.18,1012.02,16.30,417.82,24241.82,10.33
258638,SPXEGN1TGSB2IKT9 | 1733368184,SPXEGN1TGSB2IKT9,2024-12-05 12:09:44,210.99.114.165,30.24,1011.91,16.28,416.77,24112.42,11.25
258694,SPXEGN1TGSB2IKT9 | 1733368797,SPXEGN1TGSB2IKT9,2024-12-05 12:19:57,210.99.114.165,30.35,1011.73,16.21,414.70,23856.78,12.66
258746,SPXEGN1TGSB2IKT9 | 1733369359,SPXEGN1TGSB2IKT9,2024-12-05 12:29:19,210.99.114.165,30.43,1011.61,16.17,413.41,23698.89,13.91
258801,SPXEGN1TGSB2IKT9 | 1733369967,SPXEGN1TGSB2IKT9,2024-12-05 12:39:27,210.99.114.165,30.49,1011.43,16.16,415.21,23920.29,15.25
258857,SPXEGN1TGSB2IKT9 | 1733370578,SPXEGN1TGSB2IKT9,2024-12-05 12:49:38,210.99.114.165,30.54,1011.23,16.11,412.39,23573.79,16.83
258913,SPXEGN1TGSB2IKT9 | 1733371186,SPXEGN1TGSB2IKT9,2024-12-05 12:59:46,210.99.114.165,30.58,1011.19,16.14,415.47,23952.20,17.25
258969,SPXEGN1TGSB2IKT9 | 1733371795,SPXEGN1TGSB2IKT9,2024-12-05 13:09:55,210.99.114.165,30.66,1011.03,16.12,411.37,23449.52,18.42
259021,SPXEGN1TGSB2IKT9 | 1733372363,SPXEGN1TGSB2IKT9,2024-12-05 13:19:23,210.99.114.165,30.72,1010.90,16.07,412.90,23636.18,19.58
259077,SPXEGN1TGSB2IKT9 | 1733372973,SPXEGN1TGSB2IKT9,2024-12-05 13:29:33,210.99.114.165,30.78,1010.85,16.08,411.37,23449.52,20.00
259133,SPXEGN1TGSB2IKT9 | 1733373585,SPXEGN1TGSB2IKT9,2024-12-05 13:39:45,210.99.114.165,30.89,1010.84,16.09,408.35,23082.44,19.92
259187,SPXEGN1TGSB2IKT9 | 1733374197,SPXEGN1TGSB2IKT9,2024-12-05 13:49:57,210.99.114.165,31.00,1010.83,16.05,406.61,22872.12,19.92
259238,SPXEGN1TGSB2IKT9 | 1733374757,SPXEGN1TGSB2IKT9,2024-12-05 13:59:17,210.99.114.165,31.11,1010.86,16.04,403.16,22459.67,19.83
259294,SPXEGN1TGSB2IKT9 | 1733375364,SPXEGN1TGSB2IKT9,2024-12-05 14:09:24,210.99.114.165,31.19,1010.85,16.06,402.68,22401.75,20.00
259350,SPXEGN1TGSB2IKT9 | 1733375972,SPXEGN1TGSB2IKT9,2024-12-05 14:19:32,210.99.114.165,31.27,1010.81,16.06,398.58,21917.01,20.33
259398,SPXEGN1TGSB2IKT9 | 1733376494,SPXEGN1TGSB2IKT9,2024-12-05 14:28:14,210.99.114.165,31.38,1010.71,15.96,396.22,21638.84,21.09
